,filename,len_in_sec,sr,num_hops,OVRL_raw,SIG_raw,BAK_raw,OVRL,SIG,BAK,P808_MOS
0,.\datasets\VocalSet_48kHz_mono\vocalset_female1_arpeggios_belt_f1_arpeggios_belt_c_a_48kHz.wav,2.4265,16000,1,1.1054593,1.2775888,1.0541209,1.196439483052262,1.4279117001702664,1.153891977901136,2.5765069
1,.\datasets\VocalSet_48kHz_mono\vocalset_female1_arpeggios_breathy_f1_arpeggios_breathy_u_48kHz.wav,2.2739375,16000,1,1.2733879,1.3283445,1.2636704,1.356728173034481,1.4787694438091208,1.4271391693086517,2.2275035
2,.\datasets\VocalSet_48kHz_mono\vocalset_female1_arpeggios_belt_f1_arpeggios_belt_c_o_48kHz.wav,2.609625,16000,1,0.995994,0.9739727,1.0459619,1.0898996495993103,1.1146497548402383,1.1430189162619993,2.6758013
3,.\datasets\VocalSet_48kHz_mono\vocalset_female1_arpeggios_breathy_f1_arpeggios_breathy_a_48kHz.wav,2.480625,16000,1,1.7087393,1.993376,2.4003544,1.7545024153208721,2.1051662719504334,2.707860396390524,2.5052536
4,.\datasets\VocalSet_48kHz_mono\vocalset_female1_arpeggios_belt_f1_arpeggios_belt_c_u_48kHz.wav,2.4875625,16000,1,1.2410955,1.2656294,1.1362233,1.3262013077179513,1.415865220798677,1.262329154490762,2.229015
5,.\datasets\VocalSet_48kHz_mono\vocalset_female1_arpeggios_breathy_f1_arpeggios_breathy_i_48kHz.wav,2.56925,16000,1,1.3914777,1.6714987,1.4392927,1.4671601202079443,1.811263332423541,1.6472393056299268,2.2050097
6,.\datasets\VocalSet_48kHz_mono\vocalset_female1_arpeggios_belt_f1_arpeggios_belt_c_i_48kHz.wav,2.6706875,16000,1,1.1707803,1.1784958,1.1975923,1.259242188855485,1.3273723296122297,1.342223186919726,1.9436412
7,.\datasets\VocalSet_48kHz_mono\vocalset_female1_arpeggios_belt_f1_arpeggios_belt_c_e_48kHz.wav,2.579125,16000,1,1.060217,1.1691637,1.078802,1.152602902307576,1.3178190986031266,1.186676255826138,2.3403497
8,.\datasets\VocalSet_48kHz_mono\vocalset_female1_arpeggios_breathy_f1_arpeggios_breathy_o_48kHz.wav,2.3920625,16000,1,2.0772798,2.7295725,2.595508,2.071186308865163,2.711969192006927,2.893520959126812,2.2146337
9,.\datasets\VocalSet_48kHz_mono\vocalset_female1_arpeggios_breathy_f1_arpeggios_breathy_e_48kHz.wav,2.510125,16000,1,1.3370607,1.4044787,1.1772848,1.416506366366495,1.5542456035524892,1.3158954730452623,2.2109962
10,.\datasets\VocalSet_48kHz_mono\vocalset_female1_arpeggios_fast_piano_f1_arpeggios_c_fast_piano_a_48kHz.wav,0.65725,16000,1,1.2017841,1.4287791,1.3839097,1.2888486868635542,1.5781310806277762,1.5787069133212925,2.776284
11,.\datasets\VocalSet_48kHz_mono\vocalset_female1_arpeggios_fast_forte_f1_arpeggios_c_fast_forte_e_48kHz.wav,0.8068125,16000,3,1.3517332,1.6957272,1.6688577,1.4301628557972055,1.8338059938119466,1.922640727646763,2.3823853
12,.\datasets\VocalSet_48kHz_mono\vocalset_female1_arpeggios_fast_piano_f1_arpeggios_c_fast_piano_i_48kHz.wav,0.63375,16000,1,1.5113584,2.052034,2.1526656,1.5773365247254683,2.156851799587287,2.4577779380613776,2.6378758
13,.\datasets\VocalSet_48kHz_mono\vocalset_female1_arpeggios_fast_forte_f1_arpeggios_c_fast_forte_a_48kHz.wav,0.8535625,16000,4,1.3307506,1.7752757,1.461916,1.4105746595356639,1.9077889345662833,1.67479993319623,2.4285672
14,.\datasets\VocalSet_48kHz_mono\vocalset_female1_arpeggios_fast_forte_f1_arpeggios_f_fast_forte_u_48kHz.wav,0.71475,16000,2,1.1346016,1.4283028,1.3426753,1.2241911124512839,1.5766286289309748,1.5246889713280682,2.735551
15,.\datasets\VocalSet_48kHz_mono\vocalset_female1_arpeggios_fast_piano_f1_arpeggios_c_fast_piano_e_48kHz.wav,0.6924375,16000,2,1.5241537,2.3565986,2.0278387,1.5889812441066735,2.415866873894519,2.325600545703786,2.5196495
16,.\datasets\VocalSet_48kHz_mono\vocalset_female1_arpeggios_fast_forte_f1_arpeggios_f_fast_forte_e_48kHz.wav,0.7551875,16000,3,1.1356331,1.2673831,1.4390775,1.2249295125168784,1.4158688347386725,1.6453609580996702,2.6110845
17,.\datasets\VocalSet_48kHz_mono\vocalset_female1_arpeggios_fast_forte_f1_arpeggios_f_fast_forte_i_48kHz.wav,0.809125,16000,3,1.4061127,1.923335,1.7536583,1.48032889575972,2.0402308117169876,2.0195494081306777,2.6606731
18,.\datasets\VocalSet_48kHz_mono\vocalset_female1_arpeggios_fast_forte_f1_arpeggios_f_fast_forte_a_48kHz.wav,0.7686875,16000,3,1.1847559,1.5753331,1.2872454,1.2723424024915146,1.7183798135048487,1.4566592399010159,2.612765
19,.\datasets\VocalSet_48kHz_mono\vocalset_female1_arpeggios_fast_forte_f1_arpeggios_f_fast_forte_o_48kHz.wav,0.7551875,16000,3,1.2242355,1.6808357,1.3608652,1.3101178644033926,1.8190813900177132,1.549659649748645,2.6701221
20,.\datasets\VocalSet_48kHz_mono\vocalset_female1_arpeggios_fast_forte_f1_arpeggios_c_fast_forte_i_48kHz.wav,0.8301875,16000,4,1.5160259,2.0797322,1.9267602,1.5811961838627921,2.179957769012421,2.2130415303017026,2.6693254
21,.\datasets\VocalSet_48kHz_mono\vocalset_female1_arpeggios_fast_forte_f1_arpeggios_c_fast_forte_o_48kHz.wav,0.86525,16000,4,1.4779291,2.1479714,1.9189252,1.5467947809898654,2.239487551875821,2.206857188274219,2.2332819
22,.\datasets\VocalSet_48kHz_mono\vocalset_female1_arpeggios_fast_piano_f1_arpeggios_c_fast_piano_o_48kHz.wav,0.739375,16000,2,1.3371253,1.7579637,1.6757932,1.4165010931220876,1.8915435372285805,1.9307621274931526,2.2802813
23,.\datasets\VocalSet_48kHz_mono\vocalset_male10_scales_fast_forte_m10_scales_f_fast_forte_o_48kHz.wav,1.2694375,16000,1,1.3116995,1.686559,1.7014976,1.3927621624473605,1.8254027620248838,1.9607343008545672,2.0823405
24,.\datasets\VocalSet_48kHz_mono\vocalset_female1_arpeggios_fast_piano_f1_arpeggios_c_fast_piano_u_48kHz.wav,0.739375,16000,2,1.5902394,2.1588311,2.1727247,1.6486926321176227,2.248323985340304,2.478519373078491,2.458907
25,.\datasets\VocalSet_48kHz_mono\vocalset_male10_scales_fast_forte_m10_scales_f_fast_forte_u_48kHz.wav,1.3064375,16000,1,1.5263224,2.04168,2.14046,1.5909526523164736,2.147770696004563,2.445036705560075,2.1196318
26,.\datasets\VocalSet_48kHz_mono\vocalset_female1_arpeggios_fast_piano_f1_arpeggios_f_fast_piano_a_48kHz.wav,0.713125,16000,2,0.9858681,1.1116712,1.3223615,1.0799455871273334,1.258484784406083,1.5014825916614163,2.7508464
27,.\datasets\VocalSet_48kHz_mono\vocalset_female1_arpeggios_fast_piano_f1_arpeggios_f_fast_piano_o_48kHz.wav,0.713125,16000,2,1.173636,1.3902446,1.541359,1.2618729152904735,1.5399838839640771,1.7712678220930271,2.9132643
28,.\datasets\VocalSet_48kHz_mono\vocalset_female1_arpeggios_fast_forte_f1_arpeggios_c_fast_forte_u_48kHz.wav,0.9120625,16000,5,1.6341425,2.138411,2.4357276,1.688114256731963,2.2316472701471874,2.7411864486990623,2.6830285
29,.\datasets\VocalSet_48kHz_mono\vocalset_female1_arpeggios_fast_piano_f1_arpeggios_f_fast_piano_u_48kHz.wav,0.7014375,16000,2,1.2864082,1.6645131,1.7457538,1.368962361809655,1.804616668177356,2.0118559660895343,2.9918692
30,.\datasets\VocalSet_48kHz_mono\vocalset_female1_arpeggios_fast_piano_f1_arpeggios_f_fast_piano_i_48kHz.wav,0.68975,16000,2,1.2424991,1.5307541,1.5859311,1.3275264978619012,1.6772078263341985,1.8247143583741245,2.9793952
31,.\datasets\VocalSet_48kHz_mono\vocalset_male10_scales_fast_piano_scales_c_fast_piano_a_48kHz.wav,1.404,16000,2,1.2472594,1.7083397,1.4665934,1.3319846937627915,1.8453007222459175,1.680610646405046,2.264927
32,.\datasets\VocalSet_48kHz_mono\vocalset_male10_scales_fast_piano_scales_f_fast_piano_a_48kHz.wav,1.3590625,16000,1,1.1785011,1.4401505,1.35283,1.2666272045137643,1.5892742032351657,1.5398942834330631,2.1855836
33,.\datasets\VocalSet_48kHz_mono\vocalset_male10_scales_fast_piano_scales_c_fast_piano_e_48kHz.wav,1.39125,16000,2,1.4085857,1.9511862,1.9822199,1.4829506394580818,2.0675883534911987,2.276100626939756,2.3032184
34,.\datasets\VocalSet_48kHz_mono\vocalset_male10_scales_fast_piano_scales_c_fast_piano_i_48kHz.wav,1.39125,16000,2,1.4930528,1.9223812,2.5802536,1.560421930309714,2.0405839719749643,2.876523625132494,2.3242295
35,.\datasets\VocalSet_48kHz_mono\vocalset_female1_arpeggios_fast_piano_f1_arpeggios_f_fast_piano_e_48kHz.wav,0.7715625,16000,3,1.3202466,1.6346306,1.9436687,1.400722064674574,1.7761942173107599,2.23411316924105,2.7630205
36,.\datasets\VocalSet_48kHz_mono\vocalset_male10_scales_fast_piano_scales_f_fast_piano_u_48kHz.wav,1.359,16000,1,1.6148587,2.097545,2.5206501,1.6708942298940335,2.196555049929044,2.8234901254935165,2.2080686
37,.\datasets\VocalSet_48kHz_mono\vocalset_male10_scales_fast_piano_scales_f_fast_piano_i_48kHz.wav,1.322,16000,1,1.504141,1.906898,1.747209,1.5707583815900052,2.0279135180936048,2.0135340656840635,2.5281675
38,.\datasets\VocalSet_48kHz_mono\vocalset_male10_scales_fast_piano_scales_c_fast_piano_u_48kHz.wav,1.4295,16000,2,1.9144471,2.1900916,3.3536587,1.9333857999354362,2.2760918564119006,3.5194545884085007,2.2136652
39,.\datasets\VocalSet_48kHz_mono\vocalset_male10_scales_fast_piano_scales_c_fast_piano_o_48kHz.wav,1.39125,16000,2,1.5001596,2.1572754,1.8467287,1.5670702727677135,2.2477588781419686,2.1265770884335504,2.176385
40,.\datasets\VocalSet_48kHz_mono\vocalset_male10_scales_fast_piano_scales_f_fast_piano_e_48kHz.wav,1.38375,16000,2,1.3132929,1.6088514,1.7023268,1.3942555071296503,1.7520026133619555,1.9616234498761331,2.1605747
41,.\datasets\VocalSet_48kHz_mono\vocalset_male10_scales_fast_piano_scales_f_fast_piano_o_48kHz.wav,1.4208125,16000,2,1.2279735,1.4582684,1.3404094,1.3137559735200899,1.6069791009265397,1.5233233976509135,2.2278576
42,.\datasets\VocalSet_48kHz_mono\vocalset_male10_scales_slow_forte_m10_scales_c_slow_forte_e_48kHz.wav,3.234375,16000,3,1.2634397,1.566832,1.5879551,1.3473335148832764,1.711888623959026,1.8268654302618985,2.4460616
43,.\datasets\VocalSet_48kHz_mono\vocalset_male10_scales_slow_forte_m10_scales_c_slow_forte_i_48kHz.wav,3.1205,16000,3,1.5106341,1.9846987,2.2620685,1.5766682030817403,2.097416617997231,2.569383438261343,2.3550568
44,.\datasets\VocalSet_48kHz_mono\vocalset_male10_scales_slow_forte_m10_scales_c_slow_forte_o_48kHz.wav,3.14325,16000,3,1.1210151,1.2972628,1.1130606,1.2114173062614126,1.4475583516615511,1.2318419325299281,2.4164279
45,.\datasets\VocalSet_48kHz_mono\vocalset_male10_scales_slow_forte_m10_scales_c_slow_forte_u_48kHz.wav,3.234375,16000,3,1.2692086,1.5658718,1.675439,1.352779293809319,1.7109234790734869,1.9303253195618246,2.4848378
46,.\datasets\VocalSet_48kHz_mono\vocalset_male10_scales_slow_forte_m10_scales_f_slow_forte_a_48kHz.wav,3.241125,16000,3,1.0262891,1.0525557,1.1927209,1.119340472848464,1.196334608385116,1.3349274055544667,2.196295
47,.\datasets\VocalSet_48kHz_mono\vocalset_male10_scales_slow_forte_m10_scales_f_slow_forte_e_48kHz.wav,3.1498125,16000,3,1.0694786,1.1350813,1.2487725,1.1615095706127103,1.2826164077311946,1.406955902951087,2.2116032
48,.\datasets\VocalSet_48kHz_mono\vocalset_male10_scales_slow_forte_m10_scales_c_slow_forte_a_48kHz.wav,3.257125,16000,4,0.9974414,1.1129968,1.0747457,1.0911987511928187,1.2591105564275082,1.1807789944708853,2.2063484
49,.\datasets\VocalSet_48kHz_mono\vocalset_male10_scales_lip_trill_m10_scales_lip_trill_e_48kHz.wav,1.901,16000,6,1.7636701,2.3319342,2.3845112,1.801835400198784,2.3925345326155427,2.6880413909214163,2.2134955
50,.\datasets\VocalSet_48kHz_mono\vocalset_male10_scales_lip_trill_m10_scales_lip_trill_a_48kHz.wav,1.9153125,16000,6,1.6979027,2.280408,2.4484427,1.7443047971629884,2.3517093972081407,2.751610341893796,2.3865726
51,.\datasets\VocalSet_48kHz_mono\vocalset_male10_scales_lip_trill_m10_scales_lip_trill_i_48kHz.wav,1.9581875,16000,6,1.0375712,1.1686579,1.2523674,1.1304897443036737,1.316380866961622,1.4121044202143052,2.3945105
52,.\datasets\VocalSet_48kHz_mono\vocalset_male10_scales_lip_trill_m10_scales_lip_trill_o_48kHz.wav,1.9724375,16000,6,1.9219646,2.690026,2.5208457,1.9397720322667051,2.6811453823967972,2.8231687307261506,2.32
53,.\datasets\VocalSet_48kHz_mono\vocalset_male10_scales_slow_forte_m10_scales_f_slow_forte_i_48kHz.wav,3.0356875,16000,3,1.3434733,1.549579,1.7190942,1.4222407602269245,1.6940820935383833,1.9794736514474105,2.3946667
54,.\datasets\VocalSet_48kHz_mono\vocalset_male10_scales_lip_trill_m10_scales_lip_trill_u_48kHz.wav,2.0153125,16000,7,2.225962,2.5532877,3.464363,2.193444169991481,2.5745532199551553,3.5981552189586816,2.3545349
55,.\datasets\VocalSet_48kHz_mono\vocalset_male10_scales_slow_forte_m10_scales_f_slow_forte_u_48kHz.wav,3.309625,16000,4,1.335907,1.5962474,1.7694218,1.4153654062499483,1.7398864835418293,2.0387227955334315,2.150024
56,.\datasets\VocalSet_48kHz_mono\vocalset_male10_scales_slow_forte_m10_scales_f_slow_forte_o_48kHz.wav,3.309625,16000,4,1.1652327,1.1825956,1.669477,1.2534619383947518,1.3301870443361492,1.9216128763144542,2.2104409
57,.\datasets\VocalSet_48kHz_mono\vocalset_male10_scales_slow_piano_m10_scales_c_slow_piano_i_48kHz.wav,3.5684375,16000,5,1.4159828,1.5365705,2.1565957,1.4878561153512464,1.6771250988804929,2.455258990968635,2.1437898
58,.\datasets\VocalSet_48kHz_mono\vocalset_male10_scales_slow_piano_m10_scales_c_slow_piano_a_48kHz.wav,3.5925625,16000,5,1.0762761,1.1746,1.2515647,1.1681720080496016,1.3230425190710011,1.4113622568598647,2.3155913
59,.\datasets\VocalSet_48kHz_mono\vocalset_male10_scales_slow_piano_m10_scales_c_slow_piano_e_48kHz.wav,3.5443125,16000,5,1.0787742,1.2207366,1.2189641,1.1704728254256538,1.3696392612224948,1.3695588407234034,2.4543986
60,.\datasets\VocalSet_48kHz_mono\vocalset_male10_scales_slow_piano_m10_scales_c_slow_piano_o_48kHz.wav,3.5684375,16000,5,1.1970178,1.3551815,1.3816563,1.2842534484753063,1.5050164160319184,1.575104329098036,2.4268172
61,.\datasets\VocalSet_48kHz_mono\vocalset_male10_scales_slow_piano_m10_scales_c_slow_piano_u_48kHz.wav,3.64075,16000,5,1.6838989,2.1092072,2.4779088,1.7317570954763564,2.2036253891572932,2.7797740133113655,2.5606997
62,.\datasets\VocalSet_48kHz_mono\vocalset_male10_scales_slow_piano_m10_scales_f_slow_piano_o_48kHz.wav,3.487875,16000,4,1.1442025,1.1964375,1.2432293,1.2335388838339685,1.3451209449891963,1.3983911964417841,2.6098318
63,.\datasets\VocalSet_48kHz_mono\vocalset_male10_scales_slow_piano_m10_scales_f_slow_piano_a_48kHz.wav,3.3415,16000,4,1.1582912,1.2742151,1.2591257,1.2470436114695387,1.4235592083166777,1.420428804889827,2.2404544
64,.\datasets\VocalSet_48kHz_mono\vocalset_male10_scales_slow_piano_m10_scales_f_slow_piano_e_48kHz.wav,3.3415,16000,4,1.4156654,1.7542136,1.8442042,1.488904926047292,1.8863977528724174,2.1207938488585136,2.2351167
65,.\datasets\VocalSet_48kHz_mono\vocalset_male10_scales_slow_piano_m10_scales_f_slow_piano_i_48kHz.wav,3.487875,16000,4,1.4888095,1.6882614,1.9482466,1.5567555030514832,1.8268988190735391,2.239028820545357,2.3618765
66,.\datasets\VocalSet_48kHz_mono\vocalset_male10_scales_slow_piano_m10_scales_f_slow_piano_u_48kHz.wav,3.6098125,16000,5,1.5771117,1.913934,2.0274847,1.6368451937308315,2.0336383340017856,2.324368409793695,2.4042745
67,.\datasets\VocalSet_48kHz_mono\vocalset_male10_scales_straight_m10_scales_straight_a_48kHz.wav,3.6415,16000,5,1.0339396,0.9952639,1.0223687,1.1269626424918902,1.1370033034150682,1.1114497423135674,2.7458663
68,.\datasets\VocalSet_48kHz_mono\vocalset_male10_scales_straight_m10_scales_straight_e_48kHz.wav,3.5705625,16000,5,1.0132563,1.0232711,1.0169666,1.1067854767667638,1.166516568527624,1.104214896492057,2.7522056
69,.\datasets\VocalSet_48kHz_mono\vocalset_male10_scales_straight_m10_scales_straight_i_48kHz.wav,3.476,16000,4,1.5457976,1.4766572,2.1313565,1.6078460745122243,1.6246259026924736,2.4280813732369415,2.42409
70,.\datasets\VocalSet_48kHz_mono\vocalset_male10_scales_straight_m10_scales_straight_o_48kHz.wav,3.35775,16000,4,1.3989499,1.6391124,1.6647449,1.472622374079283,1.7773400138666198,1.9050961687700758,2.6622
71,.\datasets\VocalSet_48kHz_mono\vocalset_male10_scales_straight_m10_scales_straight_u_48kHz.wav,3.334125,16000,4,1.8705279,2.101384,2.3691058,1.8941977008655606,2.1974084193991184,2.669908868953112,2.4593282
72,.\datasets\VocalSet_48kHz_mono\vocalset_male10_scales_vocal_fry_m10_scales_vocal_fry_u_48kHz.wav,2.29275,16000,1,1.2627016,1.039908,1.2362201,1.3466417616100128,1.1839958573049,1.3920028285033443,2.5763748
73,.\datasets\VocalSet_48kHz_mono\vocalset_male11_arpeggios_belt_m11_arpeggios_belt_a_48kHz.wav,2.388375,16000,1,0.9894918,1.0098438,1.022435,1.0835202516273645,1.1524670183073125,1.1115678729618503,2.918519
74,.\datasets\VocalSet_48kHz_mono\vocalset_male11_arpeggios_belt_m11_arpeggios_belt_e_48kHz.wav,2.4554375,16000,1,1.2259067,1.6740258,1.216965,1.3117941059056022,1.8136385869122156,1.3672378604297146,2.477171
75,.\datasets\VocalSet_48kHz_mono\vocalset_male11_arpeggios_belt_m11_arpeggios_belt_i_48kHz.wav,2.49575,16000,1,1.2447338,1.5189649,1.3225094,1.3296477164040936,1.6659097183243305,1.501784381046309,2.4823434
76,.\datasets\VocalSet_48kHz_mono\vocalset_male11_arpeggios_belt_m11_arpeggios_belt_o_48kHz.wav,2.4151875,16000,1,1.1942672,1.1488371,1.175933,1.2816824409510934,1.2969601188233246,1.3141390230279864,2.641902
77,.\datasets\VocalSet_48kHz_mono\vocalset_male11_arpeggios_belt_m11_arpeggios_belt_u_48kHz.wav,2.4151875,16000,1,1.7028885,2.2108438,2.2946258,1.7493266626616037,2.2938847078374875,2.6030862498238974,2.6134415
78,.\datasets\VocalSet_48kHz_mono\vocalset_male10_scales_vibrato_m10_scales_vibrato_i_48kHz.wav,3.653625,16000,5,1.4928362,1.7504599,2.4196513,1.5603756539942697,1.8847204351314286,2.725535764828698,2.2937722
79,.\datasets\VocalSet_48kHz_mono\vocalset_male10_scales_vibrato_m10_scales_vibrato_e_48kHz.wav,3.83,16000,6,1.2046348,1.4317344,1.6032735,1.2915246466279897,1.5808302232925173,1.8452529557458872,2.1768045
80,.\datasets\VocalSet_48kHz_mono\vocalset_male11_arpeggios_breathy_m11_arpeggios_breathy_a_48kHz.wav,2.5398125,16000,1,0.99099314,0.98266375,1.027932,1.084993738107223,1.1238321799507447,1.118929507479776,2.6984851
81,.\datasets\VocalSet_48kHz_mono\vocalset_male10_scales_vibrato_m10_scales_vibrato_a_48kHz.wav,3.72925,16000,5,1.054909,1.1425818,1.1801001,1.147195365879056,1.2891211586489788,1.3179626527805715,2.0844412
82,.\datasets\VocalSet_48kHz_mono\vocalset_male10_scales_vibrato_m10_scales_vibrato_o_48kHz.wav,3.72925,16000,5,1.3358257,1.5731556,1.81475,1.415117387413453,1.715973630695217,2.0903982659650646,2.0848393
83,.\datasets\VocalSet_48kHz_mono\vocalset_male11_arpeggios_breathy_m11_arpeggios_breathy_e_48kHz.wav,2.611125,16000,1,1.9122989,2.0441432,2.258815,1.931691916754167,2.1499326633672524,2.56693144687653,2.9149885
84,.\datasets\VocalSet_48kHz_mono\vocalset_male11_arpeggios_breathy_m11_arpeggios_breathy_o_48kHz.wav,2.411375,16000,1,1.6511086,1.9883449,1.9858048,1.7033190220841,2.100706277693245,2.2801967494241526,2.5511692
85,.\datasets\VocalSet_48kHz_mono\vocalset_male11_arpeggios_breathy_m11_arpeggios_breathy_i_48kHz.wav,2.4399375,16000,1,1.7988214,2.030056,2.318785,1.8336065577928744,2.1375539912822608,2.6272868159318397,2.1554275
86,.\datasets\VocalSet_48kHz_mono\vocalset_male11_arpeggios_fast_forte_m11_arpeggios_c_fast_forte_e_48kHz.wav,0.6329375,16000,1,1.5515726,3.1282902,1.6936603,1.6138597719144812,3.002609837070473,1.951626434623116,2.5210366
87,.\datasets\VocalSet_48kHz_mono\vocalset_male10_scales_vibrato_m10_scales_vibrato_u_48kHz.wav,3.956,16000,6,1.2484215,1.5739417,1.8549091,1.333095817948232,1.7186121505214353,2.1352615651021485,2.1297789
88,.\datasets\VocalSet_48kHz_mono\vocalset_male11_arpeggios_fast_forte_m11_arpeggios_c_fast_forte_o_48kHz.wav,0.647625,16000,1,1.5217301,3.0840645,1.4777178,1.5867772196350762,2.9716885223723732,1.6943129449773868,2.5044875
89,.\datasets\VocalSet_48kHz_mono\vocalset_male11_arpeggios_fast_forte_m11_arpeggios_c_fast_forte_a_48kHz.wav,0.6918125,16000,2,1.363873,2.4224524,1.2791741,1.4414694303643993,2.4682859019491312,1.4464499658025083,2.5158825
90,.\datasets\VocalSet_48kHz_mono\vocalset_male10_scales_vocal_fry_m10_scales_vocal_fry_a_48kHz.wav,1.986,16000,6,1.2891382,1.2855316,1.5349959,1.3706146466240094,1.4326918645320568,1.7617208567380838,2.605783
91,.\datasets\VocalSet_48kHz_mono\vocalset_male11_arpeggios_fast_forte_m11_arpeggios_c_fast_forte_u_48kHz.wav,0.7065,16000,2,1.4411461,2.4126308,2.0991042,1.513039084263683,2.4618595636222445,2.4014658684000056,2.4396918
92,.\datasets\VocalSet_48kHz_mono\vocalset_male10_scales_vocal_fry_m10_scales_vocal_fry_e_48kHz.wav,2.1313125,16000,8,1.7343904,1.801815,2.0370555,1.776653694146209,1.9305995606465207,2.3347984402642092,2.5322404
93,.\datasets\VocalSet_48kHz_mono\vocalset_male11_arpeggios_fast_forte_m11_arpeggios_c_fast_forte_i_48kHz.wav,0.713875,16000,2,2.1306963,2.8911762,2.9532104,2.1149629003032784,2.8329802798535706,3.201348395705778,2.5355678
94,.\datasets\VocalSet_48kHz_mono\vocalset_male10_scales_vocal_fry_m10_scales_vocal_fry_i_48kHz.wav,2.2281875,16000,8,1.9303331,2.264139,2.0826645,1.943751429631204,2.3303104490112574,2.3744710753876483,2.5725398
95,.\datasets\VocalSet_48kHz_mono\vocalset_male10_scales_vocal_fry_m10_scales_vocal_fry_o_48kHz.wav,2.2120625,16000,8,2.08451,2.7545702,2.1922462,2.0767335887520644,2.72994088946464,2.4978480436686605,2.40622
96,.\datasets\VocalSet_48kHz_mono\vocalset_male11_arpeggios_fast_piano_m11_arpeggios_c_fast_piano_a_48kHz.wav,0.6825625,16000,1,1.4932125,2.8349884,1.6315128,1.560784417931549,2.79140716908421,1.8788309985246536,2.5784752
97,.\datasets\VocalSet_48kHz_mono\vocalset_male11_arpeggios_fast_piano_m11_arpeggios_c_fast_piano_i_48kHz.wav,0.6575625,16000,1,2.0139081,2.2394435,3.6090019,2.0180400906182117,2.3181125915586414,3.6964251819981797,2.7499156
98,.\datasets\VocalSet_48kHz_mono\vocalset_male11_arpeggios_fast_forte_m11_arpeggios_f_fast_forte_e_48kHz.wav,0.696,16000,2,1.3384783,2.3297215,2.0195072,1.417830589115603,2.393627398141233,2.3166552417632946,2.5413597
99,.\datasets\VocalSet_48kHz_mono\vocalset_male11_arpeggios_fast_forte_m11_arpeggios_f_fast_forte_i_48kHz.wav,0.696,16000,2,1.3514686,2.2522163,2.0258942,1.4299503745119044,2.3288858669218584,2.3233378054265534,2.6518102
100,.\datasets\VocalSet_48kHz_mono\vocalset_male11_arpeggios_fast_forte_m11_arpeggios_f_fast_forte_u_48kHz.wav,0.7225,16000,2,1.326114,2.188859,1.6543243,1.4062470906598215,2.2746357293161177,1.905390453343388,2.2233515
101,.\datasets\VocalSet_48kHz_mono\vocalset_male11_arpeggios_fast_forte_m11_arpeggios_f_fast_forte_o_48kHz.wav,0.715875,16000,2,1.2630255,2.0010219,1.4867777,1.3469269384085396,2.111803141667165,1.7053511421731085,2.491311
102,.\datasets\VocalSet_48kHz_mono\vocalset_male11_arpeggios_fast_forte_m11_arpeggios_f_fast_forte_a_48kHz.wav,0.795375,16000,3,1.3160268,1.9168576,1.3563248,1.39681519927018,2.0366091578117445,1.5442508325615745,2.667053
103,.\datasets\VocalSet_48kHz_mono\vocalset_male11_arpeggios_fast_piano_m11_arpeggios_c_fast_piano_e_48kHz.wav,0.715875,16000,2,1.7743976,2.5012176,2.650537,1.8121975138799988,2.5334298628971466,2.943596130778575,2.582453
104,.\datasets\VocalSet_48kHz_mono\vocalset_male11_arpeggios_fast_piano_m11_arpeggios_c_fast_piano_u_48kHz.wav,0.715875,16000,2,1.9490356,2.1876678,3.5019925,1.962690839740524,2.27358296687194,3.6238835459854757,2.3055463
105,.\datasets\VocalSet_48kHz_mono\vocalset_male11_arpeggios_fast_piano_m11_arpeggios_f_fast_piano_u_48kHz.wav,0.675125,16000,1,2.0242152,2.2930331,3.5822198,2.026721056634599,2.3631404270892955,3.67868757274724,2.5151827
106,.\datasets\VocalSet_48kHz_mono\vocalset_male11_arpeggios_fast_piano_m11_arpeggios_f_fast_piano_a_48kHz.wav,0.7151875,16000,2,1.3327895,2.0287447,1.3945315,1.4125128988526585,2.136372296598126,1.5909933136298797,2.4596682
107,.\datasets\VocalSet_48kHz_mono\vocalset_male11_arpeggios_fast_piano_m11_arpeggios_c_fast_piano_o_48kHz.wav,0.715875,16000,2,1.60652,2.5898938,2.235156,1.6633711333792318,2.6036996347895425,2.5428567659124406,2.2131844
108,.\datasets\VocalSet_48kHz_mono\vocalset_male11_arpeggios_slow_forte_m11_arpeggios_c_slow_forte_a_48kHz.wav,2.3721875,16000,1,1.0687512,1.0411999,1.0469862,1.160893125502458,1.1853472618097634,1.1443849884920336,2.4058344
109,.\datasets\VocalSet_48kHz_mono\vocalset_male11_arpeggios_fast_piano_m11_arpeggios_f_fast_piano_i_48kHz.wav,0.7553125,16000,3,1.3796759,1.9062452,1.9102243,1.4561456171851939,2.02711763480827,2.1971540253819186,2.716759
110,.\datasets\VocalSet_48kHz_mono\vocalset_male11_arpeggios_breathy_m11_arpeggios_breathy_u_48kHz.wav,2.011875,16000,7,1.0081534,1.0625347,1.1180648,1.1018118960585972,1.2075782244586712,1.2383970669069073,2.3490906
111,.\datasets\VocalSet_48kHz_mono\vocalset_male11_arpeggios_fast_piano_m11_arpeggios_f_fast_piano_e_48kHz.wav,0.7553125,16000,3,1.466988,2.3445044,2.0707898,1.5367542489286625,2.4056128633626557,2.371096032118754,2.4857578
112,.\datasets\VocalSet_48kHz_mono\vocalset_male11_arpeggios_fast_piano_m11_arpeggios_f_fast_piano_o_48kHz.wav,0.7553125,16000,3,1.494133,2.1142945,1.9191755,1.561523692621667,2.210322862723715,2.205705478218169,2.233628
113,.\datasets\VocalSet_48kHz_mono\vocalset_male11_arpeggios_slow_forte_m11_arpeggios_c_slow_forte_o_48kHz.wav,2.2874375,16000,1,1.1942369,1.4184804,1.2055755,1.2816535591221359,1.5680203319888202,1.3525433408651792,2.5686965
114,.\datasets\VocalSet_48kHz_mono\vocalset_male11_arpeggios_slow_forte_m11_arpeggios_c_slow_forte_u_48kHz.wav,2.3863125,16000,1,1.7656213,2.065257,2.741782,1.8045801892806188,2.1684233856383495,3.0261035980800663,2.4715204
115,.\datasets\VocalSet_48kHz_mono\vocalset_male11_arpeggios_slow_forte_m11_arpeggios_f_slow_forte_a_48kHz.wav,2.2530625,16000,1,1.0406467,0.9783344,1.0749562,1.1335548002267044,1.119259682129298,1.1815783557690256,2.6030297
116,.\datasets\VocalSet_48kHz_mono\vocalset_male11_arpeggios_lip_trill_m11_arpeggios_lip_trill_u_48kHz.wav,1.5875,16000,3,1.6933895,2.128853,2.0888405,1.7408191179764145,2.2225232056821795,2.3896734215744324,2.4410963
117,.\datasets\VocalSet_48kHz_mono\vocalset_male11_arpeggios_slow_forte_m11_arpeggios_f_slow_forte_e_48kHz.wav,2.2815625,16000,1,1.6183367,2.4406507,2.021177,1.6740128820434232,2.4846797276449646,2.3184539795472685,2.5422847
118,.\datasets\VocalSet_48kHz_mono\vocalset_male11_arpeggios_slow_forte_m11_arpeggios_f_slow_forte_i_48kHz.wav,2.2815625,16000,1,1.2649401,1.601485,1.2209021,1.3487558958413912,1.745030567362528,1.3723095230549873,2.4507701
119,.\datasets\VocalSet_48kHz_mono\vocalset_male11_arpeggios_slow_forte_m11_arpeggios_f_slow_forte_u_48kHz.wav,2.395625,16000,1,2.0176966,2.4775248,2.9217424,2.0212325401961193,2.514468310668497,3.1814896235577486,2.4557865
120,.\datasets\VocalSet_48kHz_mono\vocalset_male11_arpeggios_lip_trill_m11_arpeggios_lip_trill_o_48kHz.wav,1.6375,16000,4,2.19657,2.8640985,2.8962154,2.1696452821995704,2.812918131058301,3.159602186381616,2.451416
121,.\datasets\VocalSet_48kHz_mono\vocalset_male11_arpeggios_slow_forte_m11_arpeggios_f_slow_forte_o_48kHz.wav,2.367125,16000,1,1.2967912,1.5324613,1.2001568,1.378763750539957,1.6789283824013244,1.3455402936706664,2.7062335
122,.\datasets\VocalSet_48kHz_mono\vocalset_male11_arpeggios_slow_piano_m11_arpeggios_c_slow_piano_a_48kHz.wav,2.4624375,16000,1,1.1058538,1.2383095,1.0791559,1.1968204721017717,1.388256354946835,1.1871452230397352,2.4752998
123,.\datasets\VocalSet_48kHz_mono\vocalset_male11_arpeggios_slow_piano_m11_arpeggios_c_slow_piano_e_48kHz.wav,2.4624375,16000,1,1.3864732,1.9756937,1.4441295,1.4625184197878986,2.0894724100594217,1.6531861396008625,2.5355842
124,.\datasets\VocalSet_48kHz_mono\vocalset_male11_arpeggios_slow_piano_m11_arpeggios_c_slow_piano_i_48kHz.wav,2.477,16000,1,1.3876598,1.7218151,1.9537832,1.4636193072072303,1.8583541757080058,2.245279262324609,2.4941936
125,.\datasets\VocalSet_48kHz_mono\vocalset_male11_arpeggios_slow_piano_m11_arpeggios_c_slow_piano_u_48kHz.wav,2.375,16000,1,2.1046872,2.4473748,3.4497712,2.094003002039908,2.490128808849425,3.5881905915749432,2.3811846
126,.\datasets\VocalSet_48kHz_mono\vocalset_male11_arpeggios_slow_piano_m11_arpeggios_c_slow_piano_o_48kHz.wav,2.53525,16000,1,1.484475,1.8124977,2.0018902,1.5527985163507918,1.9421497693667005,2.297634913603805,2.5805988
127,.\datasets\VocalSet_48kHz_mono\vocalset_male11_arpeggios_slow_piano_m11_arpeggios_f_slow_piano_a_48kHz.wav,2.468625,16000,1,1.0761895,0.9783037,1.0281551,1.1681107474007932,1.1192271873364925,1.1192280322306254,2.813599
128,.\datasets\VocalSet_48kHz_mono\vocalset_male11_arpeggios_slow_piano_m11_arpeggios_f_slow_piano_i_48kHz.wav,2.528125,16000,1,1.0447431,1.0524579,1.0690361,1.13754616299641,1.197112207587695,1.17372328627029,2.4053388
129,.\datasets\VocalSet_48kHz_mono\vocalset_male11_arpeggios_lip_trill_m11_arpeggios_lip_trill_a_48kHz.wav,1.8874375,16000,6,2.2756813,2.9519527,3.0346944,2.233968381617514,2.877066678157718,3.273814432132346,2.4061277
130,.\datasets\VocalSet_48kHz_mono\vocalset_male11_arpeggios_slow_piano_m11_arpeggios_f_slow_piano_e_48kHz.wav,2.45375,16000,1,1.3384414,1.7295749,1.3867471,1.4177965206832626,1.865578688048153,1.5822376445389645,2.2122118
131,.\datasets\VocalSet_48kHz_mono\vocalset_male11_arpeggios_slow_piano_m11_arpeggios_f_slow_piano_o_48kHz.wav,2.5429375,16000,1,1.0755327,1.1043832,1.1484967,1.1674736928859655,1.2511001681069112,1.278386835158485,2.6490147
132,.\datasets\VocalSet_48kHz_mono\vocalset_male11_arpeggios_slow_piano_m11_arpeggios_f_slow_piano_u_48kHz.wav,2.498375,16000,1,1.6126897,1.962241,2.3281054,1.668948452524187,2.0774973972171193,2.6365821880425653,2.1734278
133,.\datasets\VocalSet_48kHz_mono\vocalset_male11_arpeggios_straight_m11_arpeggios_straight_a_48kHz.wav,2.6293125,16000,1,1.030961,1.0405669,0.9784157,1.1241084595242923,1.1846851248358903,1.0523309690850504,2.7580323
134,.\datasets\VocalSet_48kHz_mono\vocalset_male11_arpeggios_straight_m11_arpeggios_straight_o_48kHz.wav,2.6293125,16000,1,0.98267865,0.9714081,1.0482943,1.0768295699414732,1.1119377938212769,1.1461290195105447,2.6558845
135,.\datasets\VocalSet_48kHz_mono\vocalset_male11_arpeggios_straight_m11_arpeggios_straight_e_48kHz.wav,2.659875,16000,1,1.0445943,1.1410942,1.069364,1.1374012438913241,1.2889961961014869,1.1741585056286261,2.7622447
136,.\datasets\VocalSet_48kHz_mono\vocalset_male11_arpeggios_straight_m11_arpeggios_straight_u_48kHz.wav,2.59875,16000,1,2.2666965,2.8821664,2.8624983,2.2267994626584433,2.826354490732556,3.1312772011801475,2.6230686
137,.\datasets\VocalSet_48kHz_mono\vocalset_male11_arpeggios_lip_trill_m11_arpeggios_lip_trill_i_48kHz.wav,1.9124375,16000,6,2.0684938,2.4952574,2.9489639,2.0629541928791646,2.526812137427936,3.2019133404198694,2.2360506
138,.\datasets\VocalSet_48kHz_mono\vocalset_male11_arpeggios_lip_trill_m11_arpeggios_lip_trill_e_48kHz.wav,1.9374375,16000,6,2.1695642,2.7781336,2.896634,2.1465444613735163,2.748539868134163,3.1520553426145366,2.3390982
139,.\datasets\VocalSet_48kHz_mono\vocalset_male11_arpeggios_straight_m11_arpeggios_straight_i_48kHz.wav,2.81275,16000,2,1.4407775,1.722579,1.737073,1.511066191134261,1.8564950618342646,1.9961192427347427,2.7156062
140,.\datasets\VocalSet_48kHz_mono\vocalset_male11_arpeggios_vocal_fry_m11_arpeggios_vocal_fry_e_48kHz.wav,2.6674375,16000,1,2.1461878,2.6491535,2.3984094,2.1283587681578617,2.6501130232877097,2.7059595153663603,2.6289337
141,.\datasets\VocalSet_48kHz_mono\vocalset_male11_arpeggios_vocal_fry_m11_arpeggios_vocal_fry_a_48kHz.wav,2.637125,16000,1,0.99948025,1.0006669,1.0725805,1.0933177520129975,1.1428127421249858,1.1784272186387639,2.544433
142,.\datasets\VocalSet_48kHz_mono\vocalset_male11_arpeggios_vocal_fry_m11_arpeggios_vocal_fry_i_48kHz.wav,2.7280625,16000,1,2.4258058,3.1839857,2.881392,2.3537618372999862,3.041083207660612,3.1473909649971494,2.388175
143,.\datasets\VocalSet_48kHz_mono\vocalset_male11_arpeggios_vocal_fry_m11_arpeggios_vocal_fry_o_48kHz.wav,2.5613125,16000,1,1.527646,1.6324718,1.7564077,1.5921555549772086,1.7744455542988113,2.0240927791242873,2.4280472
144,.\datasets\VocalSet_48kHz_mono\vocalset_male11_arpeggios_vibrato_m11_arpeggios_vibrato_a_48kHz.wav,2.971625,16000,2,1.153897,1.4045849,1.1518488,1.2430638419265607,1.5542848867337962,1.2826962086274751,2.3208199
145,.\datasets\VocalSet_48kHz_mono\vocalset_male11_arpeggios_slow_forte_m11_arpeggios_c_slow_forte_e_48kHz.wav,2.2450625,16000,8,1.5391358,2.550567,1.7537638,1.602407028863889,2.5720837679982442,2.0199179866350048,2.5562494
146,.\datasets\VocalSet_48kHz_mono\vocalset_male11_arpeggios_vocal_fry_m11_arpeggios_vocal_fry_u_48kHz.wav,2.4855625,16000,1,2.2950974,2.9050453,2.6741257,2.249713329907085,2.843167526406668,2.9654802810141003,2.3258703
147,.\datasets\VocalSet_48kHz_mono\vocalset_male11_excerpts_spoken_m11_row_spoken_48kHz.wav,4.513125,16000,1,2.5557337,3.0278275,3.2420914,2.454897644811002,2.9318948417510837,3.436990370660264,2.9295435
148,.\datasets\VocalSet_48kHz_mono\vocalset_male11_arpeggios_slow_forte_m11_arpeggios_c_slow_forte_i_48kHz.wav,2.2450625,16000,8,1.382104,1.9048412,1.8066723,1.4578915972218678,2.024018622181528,2.07576611315381,2.3006916
149,.\datasets\VocalSet_48kHz_mono\vocalset_male11_arpeggios_vibrato_m11_arpeggios_vibrato_e_48kHz.wav,3.0555625,16000,3,1.3864517,1.7488527,1.2995282,1.4624880646893343,1.8834228448561745,1.4727186501777423,2.2672625
150,.\datasets\VocalSet_48kHz_mono\vocalset_male11_arpeggios_vibrato_m11_arpeggios_vibrato_i_48kHz.wav,3.24025,16000,3,1.6377149,2.102497,2.3300228,1.6906437252263375,2.19903740409888,2.636619988350088,2.3391895
151,.\datasets\VocalSet_48kHz_mono\vocalset_male11_excerpts_straight_m11_row_straight_48kHz.wav,5.021375,16000,1,1.663358,2.2896,2.0023658,1.7142356247981951,2.360270169573787,2.298149523149433,2.7068925
152,.\datasets\VocalSet_48kHz_mono\vocalset_male11_long_tones_forte_m11_long_forte_a_48kHz.wav,2.5033125,16000,1,1.5432042,2.1284134,1.3416381,1.6062774961083792,2.223286396397993,1.5258553350008686,2.5960817
153,.\datasets\VocalSet_48kHz_mono\vocalset_male11_excerpts_vibrato_m11_row_vibrato_48kHz.wav,5.3061875,16000,1,1.4629806,2.044396,1.8226334,1.5331089795575117,2.15015443182888,2.099451394486336,2.5844464
154,.\datasets\VocalSet_48kHz_mono\vocalset_male11_long_tones_forte_m11_long_forte_e_48kHz.wav,2.4225625,16000,1,1.5728457,2.4088194,1.9566929,1.6330919144124239,2.45878130024777,2.2484633384494246,2.473499
155,.\datasets\VocalSet_48kHz_mono\vocalset_male11_long_tones_forte_m11_long_forte_i_48kHz.wav,2.5436875,16000,1,1.3897047,1.8597653,2.1526265,1.4655160494279487,1.9852799677573056,2.457737184155093,2.478208
156,.\datasets\VocalSet_48kHz_mono\vocalset_male11_arpeggios_vibrato_m11_arpeggios_vibrato_o_48kHz.wav,3.2738125,16000,4,1.3047345,1.5636206,1.5310731,1.385996381682478,1.7083424028641696,1.7554890203920137,2.3381207
157,.\datasets\VocalSet_48kHz_mono\vocalset_male11_arpeggios_vibrato_m11_arpeggios_vibrato_u_48kHz.wav,3.4081875,16000,4,1.8934196,2.2760084,2.659262,1.9152754755873609,2.3486452739567474,2.950803227017227,2.0216992
158,.\datasets\VocalSet_48kHz_mono\vocalset_male11_long_tones_forte_m11_long_forte_o_48kHz.wav,2.5840625,16000,1,1.3761995,1.8064582,1.3323357,1.4529789402718885,1.9366118753741353,1.5141615392058874,2.484281
159,.\datasets\VocalSet_48kHz_mono\vocalset_male11_long_tones_forte_m11_long_forte_u_48kHz.wav,2.584125,16000,1,1.710685,1.911088,3.3534172,1.7562226324580166,2.0316854641066717,3.519452899602069,2.7107947
160,.\datasets\VocalSet_48kHz_mono\vocalset_male11_long_tones_inhaled_m11_long_inhaled_i_48kHz.wav,2.5784375,16000,1,1.8750976,2.1105642,2.7234063,1.8997286203203083,2.20784896020096,3.009757369508637,2.143927
161,.\datasets\VocalSet_48kHz_mono\vocalset_male11_long_tones_inhaled_m11_long_inhaled_o_48kHz.wav,2.3175,16000,1,1.6305864,2.1896882,2.0731452,1.6849841292266183,2.2758746397736807,2.374062978837783,2.276152
162,.\datasets\VocalSet_48kHz_mono\vocalset_male11_long_tones_inhaled_m11_long_inhaled_u_48kHz.wav,2.4249375,16000,1,1.6957043,1.8469722,2.2746592,1.7429650547012228,1.9736437231680857,2.5829694484785017,2.0375726
163,.\datasets\VocalSet_48kHz_mono\vocalset_male11_excerpts_straight_m11_caro_straight_48kHz.wav,12.31075,16000,3,1.4655482,1.9894061,1.360787,1.5353280474842455,2.1009777990026905,1.549810078822403,2.9415877
164,.\datasets\VocalSet_48kHz_mono\vocalset_male11_long_tones_messa_m11_long_messa_e_48kHz.wav,5.098375,16000,1,1.4429213,1.98537,1.3084089,1.5146775861709099,2.0980671069310515,1.4839789788990616,2.425756
165,.\datasets\VocalSet_48kHz_mono\vocalset_male11_excerpts_vibrato_m11_caro_vibrato_48kHz.wav,12.3276875,16000,3,1.5350395,1.9079999,1.4226385,1.5986171063888246,2.0257625459750925,1.6261755415351429,2.6897113
166,.\datasets\VocalSet_48kHz_mono\vocalset_male11_long_tones_pp_m11_long_pp_a_48kHz.wav,2.5109375,16000,1,1.2636597,1.532973,1.6216408,1.3475466958683293,1.679421430819848,1.867174030043132,2.6815977
167,.\datasets\VocalSet_48kHz_mono\vocalset_male11_long_tones_pp_m11_long_pp_e_48kHz.wav,2.52675,16000,1,1.4886461,2.1154044,1.9630759,1.5566121619675282,2.2120403878855543,2.2554401723841933,2.4103317
168,.\datasets\VocalSet_48kHz_mono\vocalset_male11_long_tones_messa_m11_long_messa_a_48kHz.wav,5.908875,16000,2,1.0075006,1.0061904,0.8904945,1.1011726118110636,1.1486091068388977,0.9324867755570189,2.434651
169,.\datasets\VocalSet_48kHz_mono\vocalset_male11_long_tones_pp_m11_long_pp_i_48kHz.wav,2.6373125,16000,1,1.5190285,1.9654634,2.1818802,1.5843195964892172,2.0803685698638748,2.4881152865275373,2.6299155
170,.\datasets\VocalSet_48kHz_mono\vocalset_male11_long_tones_pp_m11_long_pp_o_48kHz.wav,2.7004375,16000,1,1.4883517,2.1368155,2.145805,1.5563430278664228,2.2305346976235954,2.45062095621721,2.6449327
171,.\datasets\VocalSet_48kHz_mono\vocalset_male11_long_tones_pp_m11_long_pp_u_48kHz.wav,2.6056875,16000,1,1.6675203,2.1301649,2.5011399,1.7179404484923944,2.2247982857041295,2.804995528330413,2.3308313
172,.\datasets\VocalSet_48kHz_mono\vocalset_male11_long_tones_straight_m11_long_straight_e_48kHz.wav,2.718625,16000,1,1.7795331,2.5125434,1.8604236,1.816761253157455,2.5425466275488358,2.1419355356023133,2.6676466
173,.\datasets\VocalSet_48kHz_mono\vocalset_male11_long_tones_straight_m11_long_straight_a_48kHz.wav,2.606,16000,1,1.0572995,1.0230309,0.8237925,1.1497665178489527,1.1663151806852654,0.8402095099481919,2.785682
174,.\datasets\VocalSet_48kHz_mono\vocalset_male11_excerpts_vibrato_m11_dona_vibrato_48kHz.wav,7.497,16000,5,1.4454702,1.9745487,1.4701613,1.5169667335201666,2.0882730764830093,1.684195967566745,2.8539975
175,.\datasets\VocalSet_48kHz_mono\vocalset_male11_excerpts_straight_m11_dona_straight_48kHz.wav,7.1278125,16000,5,1.178694,1.4263008,1.1096982,1.2662494867847367,1.5724144296438893,1.2263170964634742,3.2701612
176,.\datasets\VocalSet_48kHz_mono\vocalset_male11_long_tones_straight_m11_long_straight_i_48kHz.wav,2.622125,16000,1,1.81757,2.4828978,2.4499002,1.8499321969153029,2.5187898104088564,2.7559459266094093,2.4417868
177,.\datasets\VocalSet_48kHz_mono\vocalset_male11_long_tones_straight_m11_long_straight_o_48kHz.wav,2.4934375,16000,1,1.4065723,1.7158003,1.520505,1.4811398786225318,1.8527473167974868,1.7462729654982125,2.849584
178,.\datasets\VocalSet_48kHz_mono\vocalset_male11_long_tones_straight_m11_long_straight_u_48kHz.wav,2.606,16000,1,2.2536886,2.7641964,3.0723197,2.2162682493179933,2.7382664467879305,3.304951523845647,3.0583909
179,.\datasets\VocalSet_48kHz_mono\vocalset_male11_long_tones_trillo_m11_long_trillo_e_48kHz.wav,2.4229375,16000,1,1.3279833,1.7698511,2.309468,1.408017696291216,1.9029140127270106,2.6179721470321176,2.659021
180,.\datasets\VocalSet_48kHz_mono\vocalset_male11_long_tones_trillo_m11_long_trillo_i_48kHz.wav,2.6686875,16000,1,1.3713832,1.8816693,1.9393944,1.448501928147848,2.0051394598757137,2.2295012986163254,2.4553375
181,.\datasets\VocalSet_48kHz_mono\vocalset_male11_long_tones_trill_m11_long_trill_e_48kHz.wav,2.61675,16000,1,1.5539814,2.2446058,1.9516015,1.6160405969493525,2.3224710774581347,2.242890492760207,2.5809586
182,.\datasets\VocalSet_48kHz_mono\vocalset_male11_long_tones_trillo_m11_long_trillo_a_48kHz.wav,2.9671875,16000,2,1.3870211,1.7137394,1.7205532,1.4625476888056614,1.8488497600064338,1.981289087477546,2.733091
183,.\datasets\VocalSet_48kHz_mono\vocalset_male11_long_tones_trillo_m11_long_trillo_o_48kHz.wav,2.82675,16000,2,1.5119466,2.099876,1.6069701,1.5778486490895998,2.198524880551205,1.8497264716538118,2.5779757
184,.\datasets\VocalSet_48kHz_mono\vocalset_male11_long_tones_trill_m11_long_trill_i_48kHz.wav,2.6664375,16000,1,1.4229548,1.921692,1.740072,1.4962774458201025,2.0412183791664495,2.0053266637958056,2.545178
185,.\datasets\VocalSet_48kHz_mono\vocalset_male11_long_tones_trillo_m11_long_trillo_u_48kHz.wav,2.791625,16000,2,1.670732,1.9425097,2.9707656,1.7207962170754159,2.0598607258967565,3.2215085319140537,2.3889856
186,.\datasets\VocalSet_48kHz_mono\vocalset_male11_long_tones_inhaled_m11_long_inhaled_a_48kHz.wav,2.04125,16000,7,1.1078528,1.1497961,1.1187512,1.1986773321675275,1.2978129071273834,1.2392152532139395,2.1935983
187,.\datasets\VocalSet_48kHz_mono\vocalset_male11_long_tones_trill_m11_long_trill_a_48kHz.wav,2.88175,16000,2,1.0782249,1.1760397,1.0773945,1.169896150594524,1.323654081014021,1.1845672000300689,2.4476266
188,.\datasets\VocalSet_48kHz_mono\vocalset_male11_long_tones_trill_m11_long_trill_o_48kHz.wav,2.7658125,16000,2,1.4578428,1.9992822,1.5114001,1.5282150896110984,2.109367927709699,1.7352563993224601,2.3171015
189,.\datasets\VocalSet_48kHz_mono\vocalset_male11_long_tones_inhaled_m11_long_inhaled_e_48kHz.wav,2.2254375,16000,8,2.1943283,2.8486545,2.723582,2.167401543907876,2.8009149133897333,3.0078735278571753,2.2687385
190,.\datasets\VocalSet_48kHz_mono\vocalset_male11_long_tones_trill_m11_long_trill_u_48kHz.wav,2.7658125,16000,2,1.4855936,2.169773,2.091636,1.5537963662223642,2.2584187295109577,2.391771011446755,2.6379423
191,.\datasets\VocalSet_48kHz_mono\vocalset_male11_long_tones_messa_m11_long_messa_u_48kHz.wav,4.2616875,16000,8,1.995675,2.3725102,2.7048872,2.0003245347226466,2.4233140639842943,2.980643648276033,2.1824725
192,.\datasets\VocalSet_48kHz_mono\vocalset_male11_scales_belt_m11_scales_belt_a_48kHz.wav,1.7,16000,4,1.0486,1.115243,1.0832014,1.141215805798355,1.2617617849401328,1.1924069219269984,2.6056664
193,.\datasets\VocalSet_48kHz_mono\vocalset_male11_long_tones_messa_m11_long_messa_i_48kHz.wav,4.18325,16000,7,1.3513556,1.7540256,1.5280174,1.428632891227748,1.8846330306305166,1.7405796963144577,2.4239542
194,.\datasets\VocalSet_48kHz_mono\vocalset_male11_long_tones_messa_m11_long_messa_o_48kHz.wav,4.340125,16000,8,1.0477682,1.1571399,1.110855,1.1402934967944216,1.3042802133869453,1.2265030548102647,2.450022
195,.\datasets\VocalSet_48kHz_mono\vocalset_male11_scales_fast_forte_m11_scales_c_fast_forte_a_48kHz.wav,1.3050625,16000,1,1.1620648,1.4033912,1.1482148,1.2508960611725126,1.5531744281339448,1.2780184232548533,2.95821
196,.\datasets\VocalSet_48kHz_mono\vocalset_male11_scales_belt_m11_scales_belt_e_48kHz.wav,1.6484375,16000,4,1.4928077,2.7176585,1.4804592,1.5603304594630298,2.7020623014550234,1.6970340856286545,2.9291275
197,.\datasets\VocalSet_48kHz_mono\vocalset_male11_scales_belt_m11_scales_belt_u_48kHz.wav,1.7411875,16000,4,1.5984666,2.4102075,2.0056329,1.6558455999653021,2.4586391768801246,2.2960616880263403,2.8331103
198,.\datasets\VocalSet_48kHz_mono\vocalset_male11_scales_fast_forte_m11_scales_c_fast_forte_e_48kHz.wav,1.351,16000,1,1.4161292,2.7010667,1.5180633,1.4899749621251672,2.6901675653130104,1.743320845542413,2.78129
199,.\datasets\VocalSet_48kHz_mono\vocalset_male11_scales_fast_forte_m11_scales_c_fast_forte_i_48kHz.wav,1.2683125,16000,1,1.5957855,2.9462702,1.6183789,1.6537621922266152,2.8732406498895204,1.863316657142953,2.9885585
200,.\datasets\VocalSet_48kHz_mono\vocalset_male11_scales_breathy_m11_scales_breathy_e_48kHz.wav,1.7216875,16000,4,1.1272895,1.2554474,1.0975916,1.217480457322292,1.4055065606057517,1.2114622414996543,2.9651833
201,.\datasets\VocalSet_48kHz_mono\vocalset_male11_scales_belt_m11_scales_belt_i_48kHz.wav,1.6484375,16000,4,2.025292,2.905594,2.3323648,2.027051092854263,2.84233394005099,2.63881551850701,2.5197346
202,.\datasets\VocalSet_48kHz_mono\vocalset_male11_scales_belt_m11_scales_belt_o_48kHz.wav,1.6381875,16000,4,1.2039725,1.5101681,1.1790072,1.2901965128417336,1.6512197134070479,1.3173057896208797,3.1329052
203,.\datasets\VocalSet_48kHz_mono\vocalset_male11_scales_fast_forte_m11_scales_c_fast_forte_o_48kHz.wav,1.213125,16000,1,1.4219244,2.0565708,1.2973483,1.4953263737374078,2.160825317466337,1.4699756232577104,3.0199897
204,.\datasets\VocalSet_48kHz_mono\vocalset_male11_scales_fast_forte_m11_scales_f_fast_forte_o_48kHz.wav,1.319625,16000,1,1.3205587,1.8538219,1.2914124,1.4010663703533166,1.9798774054131256,1.462447136111299,2.4734383
205,.\datasets\VocalSet_48kHz_mono\vocalset_male11_scales_breathy_m11_scales_breathy_o_48kHz.wav,1.81175,16000,5,1.8144588,2.11987,2.1326911,1.8361958619594716,2.1918726055571804,2.4116721740643974,2.9712865
206,.\datasets\VocalSet_48kHz_mono\vocalset_male11_scales_fast_piano_m11_scales_c_fast_piano_e_48kHz.wav,1.321375,16000,1,1.5222421,2.464544,1.5858694,1.5872428876472728,2.5040079402128645,1.8247196431562285,2.3589618
207,.\datasets\VocalSet_48kHz_mono\vocalset_male11_scales_fast_forte_m11_scales_f_fast_forte_u_48kHz.wav,1.3101875,16000,1,1.3141989,1.7702098,1.8296791,1.3951060177631087,1.9032452982593846,2.1074008223540988,2.600046
208,.\datasets\VocalSet_48kHz_mono\vocalset_male11_scales_fast_piano_m11_scales_c_fast_piano_a_48kHz.wav,1.3213125,16000,1,1.273794,1.6658397,1.2459255,1.3571112155227323,1.8059405261210175,1.4044484221380171,3.1246526
209,.\datasets\VocalSet_48kHz_mono\vocalset_male11_scales_breathy_m11_scales_breathy_a_48kHz.wav,1.81175,16000,5,1.104756,1.1874815,1.0704552,1.1947701786116034,1.3304261998705136,1.1743683192800944,2.7862134
210,.\datasets\VocalSet_48kHz_mono\vocalset_male11_scales_fast_forte_m11_scales_f_fast_forte_a_48kHz.wav,1.3761875,16000,2,1.2458628,1.5538619,1.262747,1.330711390019424,1.6993395756809413,1.4258906688402004,2.7688658
211,.\datasets\VocalSet_48kHz_mono\vocalset_male11_scales_fast_piano_m11_scales_c_fast_piano_i_48kHz.wav,1.3213125,16000,1,1.4784776,2.1581273,1.4750977,1.5473109800688336,2.248866673689937,1.6911154752982138,2.5364275
212,.\datasets\VocalSet_48kHz_mono\vocalset_male11_scales_breathy_m11_scales_breathy_i_48kHz.wav,1.90175,16000,6,1.0118624,1.065997,1.2158922,1.1052836214358315,1.2111009981857406,1.364221002204937,2.5526953
213,.\datasets\VocalSet_48kHz_mono\vocalset_male11_scales_fast_forte_m11_scales_c_fast_forte_u_48kHz.wav,1.3785625,16000,2,2.080853,2.4448833,3.0823202,2.0741100307076374,2.4879664858430237,3.312837856138052,2.8606567
214,.\datasets\VocalSet_48kHz_mono\vocalset_male11_scales_fast_forte_m11_scales_f_fast_forte_e_48kHz.wav,1.3761875,16000,2,1.4778055,2.4474134,1.6561887,1.546653383390366,2.489085096281136,1.90765161287649,3.1358182
215,.\datasets\VocalSet_48kHz_mono\vocalset_male11_scales_fast_piano_m11_scales_c_fast_piano_o_48kHz.wav,1.3305625,16000,1,1.3008285,1.675166,1.2537656,1.3825575743312375,1.814709951847401,1.4144838550341083,3.038424
216,.\datasets\VocalSet_48kHz_mono\vocalset_male11_scales_fast_forte_m11_scales_f_fast_forte_i_48kHz.wav,1.442125,16000,2,1.5801556,2.4498987,1.6615264,1.6394565681841549,2.4911668384834917,1.9140533888340578,2.9116209
217,.\datasets\VocalSet_48kHz_mono\vocalset_male11_scales_fast_piano_m11_scales_c_fast_piano_u_48kHz.wav,1.3675625,16000,1,2.2558746,2.6039164,3.5205908,2.218039689927693,2.6148405691637575,3.637153531363281,2.714621
218,.\datasets\VocalSet_48kHz_mono\vocalset_male11_scales_fast_piano_m11_scales_f_fast_piano_o_48kHz.wav,1.280375,16000,1,1.402658,1.8232561,1.70077,1.477517595189412,1.9519994629076007,1.9598895008521764,2.5787857
219,.\datasets\VocalSet_48kHz_mono\vocalset_male11_scales_fast_piano_m11_scales_f_fast_piano_a_48kHz.wav,1.361,16000,1,1.0233494,1.0057759,1.025793,1.1166759728673732,1.1481892888406688,1.1160658127159493,2.883046
220,.\datasets\VocalSet_48kHz_mono\vocalset_male11_scales_fast_piano_m11_scales_f_fast_piano_e_48kHz.wav,1.3609375,16000,1,1.412222,2.2421317,1.6203884,1.4863643526033652,2.3203827754082087,1.8656933264562319,2.7070537
221,.\datasets\VocalSet_48kHz_mono\vocalset_male11_scales_fast_piano_m11_scales_f_fast_piano_u_48kHz.wav,1.30725,16000,1,1.3575484,1.5515953,2.1677637,1.4356242231687022,1.6973327066741415,2.473484320898145,2.696485
222,.\datasets\VocalSet_48kHz_mono\vocalset_male11_scales_fast_piano_m11_scales_f_fast_piano_i_48kHz.wav,1.352,16000,1,1.1612545,1.4202238,1.2047423,1.2501196142352302,1.5697331978240723,1.351467080134046,2.6869287
223,.\datasets\VocalSet_48kHz_mono\vocalset_male11_scales_breathy_m11_scales_breathy_u_48kHz.wav,1.87925,16000,6,1.1884718,1.1535789,1.7234316,1.276013649768948,1.3018030462322272,1.9847813963588548,2.5821693
224,.\datasets\VocalSet_48kHz_mono\vocalset_male11_scales_slow_forte_m11_scales_c_slow_forte_e_48kHz.wav,3.1879375,16000,3,1.3954597,1.8160182,1.3795553,1.470793475045113,1.9450369706397883,1.57256267957859,2.8036163
225,.\datasets\VocalSet_48kHz_mono\vocalset_male11_scales_lip_trill_m11_scales_lip_trill_a_48kHz.wav,1.6575625,16000,4,2.2987897,2.794001,3.2676198,2.2526166019309715,2.7606448971164155,3.4560285703484293,2.241849
226,.\datasets\VocalSet_48kHz_mono\vocalset_male11_scales_slow_forte_m11_scales_c_slow_forte_a_48kHz.wav,3.2948125,16000,4,0.9899659,0.9930369,1.0184562,1.0839794514133612,1.134772733969041,1.1062320650831445,2.7249985
227,.\datasets\VocalSet_48kHz_mono\vocalset_male11_scales_slow_forte_m11_scales_f_slow_forte_e_48kHz.wav,3.1565625,16000,3,1.4795958,2.0944118,1.4419433,1.5483316772457443,2.193637920063096,1.6504471861382966,2.7910268
228,.\datasets\VocalSet_48kHz_mono\vocalset_male11_scales_slow_forte_m11_scales_f_slow_forte_a_48kHz.wav,3.1741875,16000,3,0.98795366,0.9577141,1.013075,1.0820094811127465,1.0974352962988754,1.098967230975898,3.2739694
229,.\datasets\VocalSet_48kHz_mono\vocalset_male11_scales_slow_forte_m11_scales_c_slow_forte_i_48kHz.wav,3.2591875,16000,4,1.0013263,0.9906606,1.0700008,1.0950889568466784,1.1322118801880685,1.174939996685879,2.4333816
230,.\datasets\VocalSet_48kHz_mono\vocalset_male11_scales_lip_trill_m11_scales_lip_trill_i_48kHz.wav,1.669,16000,4,2.0516498,2.494527,3.0517669,2.0496772784653245,2.5280422241995035,3.288295975618131,2.2719345
231,.\datasets\VocalSet_48kHz_mono\vocalset_male11_scales_slow_forte_m11_scales_c_slow_forte_u_48kHz.wav,3.3481875,16000,4,1.8760228,1.9248878,2.7174425,1.9001960510800084,2.043391247399322,3.002264761177861,2.8575845
232,.\datasets\VocalSet_48kHz_mono\vocalset_male11_scales_slow_forte_m11_scales_c_slow_forte_o_48kHz.wav,3.2948125,16000,4,1.0018098,0.96100646,1.0235207,1.0955963021225932,1.1009229758970926,1.1129389414082966,2.9942014
233,.\datasets\VocalSet_48kHz_mono\vocalset_male11_scales_lip_trill_m11_scales_lip_trill_o_48kHz.wav,1.7604375,16000,5,2.42428,3.1124125,2.993609,2.3523402531016413,2.9914299419878274,3.23824251740765,2.3400607
234,.\datasets\VocalSet_48kHz_mono\vocalset_male11_scales_lip_trill_m11_scales_lip_trill_e_48kHz.wav,1.7833125,16000,5,2.1280684,2.6963298,2.9256895,2.113283205864156,2.686441031861375,3.184271652211553,2.3949764
235,.\datasets\VocalSet_48kHz_mono\vocalset_male11_scales_lip_trill_m11_scales_lip_trill_u_48kHz.wav,1.806125,16000,5,1.987804,2.6197968,2.3183882,1.992874348852642,2.6234641063722273,2.6131135494122626,2.6817524
236,.\datasets\VocalSet_48kHz_mono\vocalset_male11_scales_slow_forte_m11_scales_f_slow_forte_i_48kHz.wav,3.0860625,16000,3,1.2819763,1.5971216,1.3236238,1.3646705567489352,1.740091735268874,1.5025210331822636,2.7082899
237,.\datasets\VocalSet_48kHz_mono\vocalset_male11_scales_slow_forte_m11_scales_f_slow_forte_u_48kHz.wav,3.1918125,16000,3,1.1696305,1.2357627,1.1941029,1.257800671298502,1.383794239688486,1.3370175203503838,2.6166437
238,.\datasets\VocalSet_48kHz_mono\vocalset_male11_scales_slow_piano_m11_scales_f_slow_piano_a_48kHz.wav,2.9730625,16000,2,0.9816538,0.98806137,1.017468,1.075822506145069,1.129516831084355,1.1049021126285647,2.8948388
239,.\datasets\VocalSet_48kHz_mono\vocalset_male11_scales_slow_piano_m11_scales_c_slow_piano_a_48kHz.wav,3.2200625,16000,3,1.0206518,1.0156239,1.0288702,1.1140331400467114,1.1585373702745132,1.1201514926088443,2.7619584
240,.\datasets\VocalSet_48kHz_mono\vocalset_male11_scales_slow_piano_m11_scales_c_slow_piano_e_48kHz.wav,3.2200625,16000,3,1.2680572,1.5244583,1.2329367,1.3515418224103968,1.670605121656423,1.3875621278756374,3.0554295
241,.\datasets\VocalSet_48kHz_mono\vocalset_male11_scales_slow_forte_m11_scales_f_slow_forte_o_48kHz.wav,3.262375,16000,4,1.0447601,1.0147837,1.0603181,1.1375572118661206,1.157643696742772,1.162089066115934,2.6393766
242,.\datasets\VocalSet_48kHz_mono\vocalset_male11_scales_slow_piano_m11_scales_c_slow_piano_u_48kHz.wav,3.2380625,16000,3,1.2940723,1.2543961,1.7434875,1.3758302440911951,1.4043473355201168,2.005642512994945,2.7010071
243,.\datasets\VocalSet_48kHz_mono\vocalset_male11_scales_slow_piano_m11_scales_c_slow_piano_o_48kHz.wav,3.130125,16000,3,0.9575445,0.9212797,1.011591,1.0520918772041787,1.0586916428391426,1.096784618577271,2.7820873
244,.\datasets\VocalSet_48kHz_mono\vocalset_male11_scales_slow_piano_m11_scales_c_slow_piano_i_48kHz.wav,3.166125,16000,3,0.98189497,0.99283653,1.0065823,1.0760280285156518,1.134524210579609,1.090171375911068,2.387703
245,.\datasets\VocalSet_48kHz_mono\vocalset_male11_scales_slow_piano_m11_scales_f_slow_piano_e_48kHz.wav,3.128625,16000,3,1.2709031,1.5094014,1.1309248,1.3534063119827577,1.6507993808265622,1.2542526881622438,2.9854136
246,.\datasets\VocalSet_48kHz_mono\vocalset_male11_scales_slow_piano_m11_scales_f_slow_piano_i_48kHz.wav,3.0595,16000,3,1.0186461,0.9888015,1.0710278,1.1120403807862798,1.130277015863042,1.1762808563027867,2.5478592
247,.\datasets\VocalSet_48kHz_mono\vocalset_male11_scales_slow_piano_m11_scales_f_slow_piano_u_48kHz.wav,3.07675,16000,3,1.4549559,1.6824017,1.9231964,1.5221504147441183,1.8131182877406677,2.1898922954180424,2.4507568
248,.\datasets\VocalSet_48kHz_mono\vocalset_male11_scales_slow_piano_m11_scales_f_slow_piano_o_48kHz.wav,3.19775,16000,3,1.0299093,1.0359544,1.0708736,1.1230802478697675,1.179851372968698,1.1761576707873398,2.5125933
249,.\datasets\VocalSet_48kHz_mono\vocalset_male11_scales_straight_m11_scales_straight_a_48kHz.wav,3.3519375,16000,4,0.9900594,0.9747715,0.9951259,1.0840709614259803,1.1154703591427746,1.0748265420344842,2.791484
250,.\datasets\VocalSet_48kHz_mono\vocalset_male11_scales_straight_m11_scales_straight_i_48kHz.wav,3.297875,16000,4,1.027361,1.0718095,1.1818691,1.120537853281058,1.21711841828167,1.3191808960399372,2.7177355
251,.\datasets\VocalSet_48kHz_mono\vocalset_male11_scales_straight_m11_scales_straight_e_48kHz.wav,3.297875,16000,4,1.0736161,1.1089551,1.0747312,1.1650140146429209,1.2528819089217436,1.1800236053028743,2.8685882
252,.\datasets\VocalSet_48kHz_mono\vocalset_male11_scales_vibrato_m11_scales_vibrato_a_48kHz.wav,3.4660625,16000,4,1.0485915,1.0030675,1.0387249,1.1412161923763906,1.1451860475279345,1.1333143907572287,2.4364526
253,.\datasets\VocalSet_48kHz_mono\vocalset_male11_scales_straight_m11_scales_straight_u_48kHz.wav,3.4600625,16000,4,1.08289,1.1339694,1.169251,1.1746044478764457,1.281647461661444,1.3054154822673296,3.1616051
254,.\datasets\VocalSet_48kHz_mono\vocalset_male11_scales_straight_m11_scales_straight_o_48kHz.wav,3.496125,16000,4,1.0662136,1.0846039,1.1075654,1.1584003305092354,1.2305171775782895,1.2246227999505066,2.6063733
255,.\datasets\VocalSet_48kHz_mono\vocalset_male11_scales_vibrato_m11_scales_vibrato_e_48kHz.wav,3.395,16000,4,1.3779268,1.7950759,1.270709,1.4543677637370784,1.9248455815258407,1.4359630469548863,2.6551497
256,.\datasets\VocalSet_48kHz_mono\vocalset_male11_scales_vibrato_m11_scales_vibrato_o_48kHz.wav,3.395,16000,4,1.4550643,1.9021063,1.366457,1.5257239440735455,2.0227484560923767,1.556266753140487,2.6067176
257,.\datasets\VocalSet_48kHz_mono\vocalset_male11_scales_vibrato_m11_scales_vibrato_i_48kHz.wav,3.323875,16000,4,1.5156085,2.0733876,1.8728919,1.5805663205917284,2.1735415025581175,2.154033267746297,2.3812442
258,.\datasets\VocalSet_48kHz_mono\vocalset_male11_scales_vibrato_m11_scales_vibrato_u_48kHz.wav,3.288375,16000,4,1.3590186,1.6521349,1.6321534,1.4366130520676705,1.7920362844803952,1.8755351690135715,2.5383904
259,.\datasets\VocalSet_48kHz_mono\vocalset_male11_scales_vocal_fry_m11_scales_vocal_fry_e_48kHz.wav,1.9781875,16000,6,1.5295216,1.8566709,1.6248707,1.5933817178157812,1.9806522923172718,1.869974743492067,2.58269
260,.\datasets\VocalSet_48kHz_mono\vocalset_male11_scales_vocal_fry_m11_scales_vocal_fry_a_48kHz.wav,1.9548125,16000,6,1.2958177,1.5019706,1.3410864,1.3776646650646933,1.6487898643289036,1.5237174723704259,2.5173855
261,.\datasets\VocalSet_48kHz_mono\vocalset_male11_scales_vocal_fry_m11_scales_vocal_fry_u_48kHz.wav,1.8260625,16000,5,2.9898562,3.6979299,3.303487,2.775834929095334,3.371273389419941,3.4811991698620495,2.5051594
262,.\datasets\VocalSet_48kHz_mono\vocalset_male11_scales_vocal_fry_m11_scales_vocal_fry_o_48kHz.wav,1.8845625,16000,6,2.5406897,3.1442583,2.8232486,2.442871756220225,3.01302508035674,3.096405883990647,2.2999315
263,.\datasets\VocalSet_48kHz_mono\vocalset_male11_scales_vocal_fry_m11_scales_vocal_fry_i_48kHz.wav,2.001625,16000,7,1.212435,1.0713371,1.1739695,1.298442250815994,1.2151872749864747,1.3100441879991,2.5514147
